589946,章子怡
589946,张震
589946,米雪
589946,王力宏
589946,王盛德
589946,韩童生
589946,黄晓明
589946,祖峰
589946,陈楚生
589946,伊娜
589946,铁政
589946,黄梦莹
589946,伍麟凯
589946,吴谨言
589946,都金翰
589946,王天泽
589946,纪帅
626831,赵又廷
626831,杨子姗
629372,薛凯琪
629372,张钧甯
629372,陈意涵
629372,范湉湉
629372,王水林
629372,陈宝山
629372,阮金红
644530,梁咏琪
644530,郭富城
644530,苑琼丹
644530,黄渤
644530,林志玲
644530,刘涛
644530,冯绍峰
644530,罗仲谦
644530,齐琦
644530,赵丽颖
644530,马赛
644530,小沈阳
644530,管乐
644530,陈雅丽
644530,施诗
644530,潘斌龙
644530,杨梓邑
644530,赵姝婷
644530,孙伊涵
644530,姜析源
644530,何昕霖
644530,曹成方子
644530,王小白
644530,王路晴
644530,侯梦
644530,孙若淇
644530,何妙言
644530,冷易桐
644530,董灵溪
644530,汤畅
655823,海清
655823,张译
655823,蒋璐霞
655823,尹昉
655823,杜江
655823,郭家豪
655823,黄景瑜
656875,曾志伟
656875,梁朝伟
656875,吴君如
656875,杨祐宁
656875,黄磊
656875,张俪
656875,姜超
656875,李宇春
656875,白百何
656875,井柏然
656875,大鹏
656875,娄艺潇
656875,柳岩
656875,吴莫愁
661934,李冰冰
661934,杰森·庄
661934,吴尊
662641,蒋雯丽
662641,范明
662641,曹骏
662641,周楚濋
662641,蓝盈莹
662641,白客
662641,王玉雯
662641,张海宇
662641,李晨晖
662641,蒋易
663226,林雪
663226,吴樾
663226,宁浩
663226,余皑磊
663226,王凯
663226,马天宇
663226,韩寒
663226,李梦
663226,李岷城
663226,王大陆
663226,苏鑫
663226,姜佩瑶
663226,张艺上
663327,田壮壮
663327,苏小明
663327,施予斐
663327,井柏然
663327,周冬雨
663327,曲哲明
663327,张子贤
663327,刘启恒
663419,妻夫木聪
663419,元华
663419,王宝强
663419,陈思诚
663419,范湉湉
663419,佟丽娅
663419,王迅
663419,肖央
663419,刘昊然
663419,尚语贤
663419,刘承羽
663419,黄西
668536,姜武
668536,袁文康
668536,安琥
668536,谭卓
668536,宋洋
668536,王梓尘
668959,许绍雄
668959,陈奕迅
668959,田启文
668959,陈国坤
668959,刘浩龙
668959,马志威
668959,崔志佳
668959,李一桐
668959,李荣浩
669662,任达华
669662,徐峥
669662,王砚辉
669662,朱珠
669662,段博文
669662,于和伟
669662,王丽坤
669662,赵达
670442,吴君如
670442,张国立
670442,王宝强
670442,吴京
670442,黄磊
670442,刘蓓
670442,吴樾
670442,欧弟
670442,李晨
670442,马苏
670442,张俪
670442,吴秀波
670442,林志玲
670442,汪东城
670442,于谦
670442,贾乃亮
670442,张晨光
670442,杜淳
670442,郑恺
670442,井柏然
670442,谢楠
670442,大鹏
670442,萧敬腾
670442,孙艺洲
670442,王小利
670442,孟非
670442,岳云鹏
670442,贾玲
670442,郭麒麟
670442,孙越
676391,陶虹
676391,徐峥
676391,李念
676391,于和伟
676391,李光洁
676391,雷佳音
676391,佟丽娅
676391,杨迪
